epsilon_pp,pattern,load_factor,deadline_factor,decoupled_slo,decoupled_throughput,cliffserve_slo,cliffserve_throughput,slo_gain_pp,throughput_gain_pct
0.5,onoff,0.3,2.0,0.19812,129.8661486834241,0.19812,129.8661486834241,0.0,0.0
0.5,onoff,0.3,4.0,0.81386,129.95666044410322,0.81386,129.95666044410322,0.0,0.0
0.5,onoff,0.3,8.0,1.0,129.97226463620032,1.0,129.97226463620032,0.0,0.0
0.5,onoff,0.3,12.0,1.0,129.97224163565718,1.0,129.97224163565718,0.0,0.0
0.5,onoff,0.6,2.0,0.00116,176.99364666091245,0.00116,176.99364666091245,0.0,0.0
0.5,onoff,0.6,4.0,0.00412,177.09653021157186,0.00412,177.09653021157186,0.0,0.0
0.5,onoff,0.6,8.0,0.01632,177.7814225119883,0.01632,177.7814225119883,0.0,0.0
0.5,onoff,0.6,12.0,0.03814,179.12776379651245,0.03814,179.12776379651245,0.0,0.0
0.5,onoff,0.8,2.0,0.0016800000000000003,176.78369005750568,0.0016800000000000003,176.78369005750568,0.0,0.0
0.5,onoff,0.8,4.0,0.00392,176.83576670125942,0.00392,176.83576670125942,0.0,0.0
0.5,onoff,0.8,8.0,0.01004,177.14873531664102,0.01004,177.14873531664102,0.0,0.0
0.5,onoff,0.8,12.0,0.01488,177.44722065394973,0.01488,177.44722065394973,0.0,0.0
0.5,onoff,0.95,2.0,0.0009000000000000001,177.03026909553563,0.0009000000000000001,177.03026909553563,0.0,0.0
0.5,onoff,0.95,4.0,0.0018199999999999998,177.09492425932214,0.0018199999999999998,177.09492425932214,0.0,0.0
0.5,onoff,0.95,8.0,0.00372,177.26823213212202,0.00372,177.26823213212202,0.0,0.0
0.5,onoff,0.95,12.0,0.006820000000000001,177.54496502984784,0.006820000000000001,177.54496502984784,0.0,0.0
0.5,onoff,1.1,2.0,0.00132,176.97319232363566,0.00132,176.97319232363566,0.0,0.0
0.5,onoff,1.1,4.0,0.00232,177.02540165643356,0.00232,177.02540165643356,0.0,0.0
0.5,onoff,1.1,8.0,0.00566,177.23712867923567,0.00566,177.23712867923567,0.0,0.0
0.5,onoff,1.1,12.0,0.010839999999999999,177.5672910483007,0.010839999999999999,177.5672910483007,0.0,0.0
0.5,poisson,0.3,2.0,0.67418,130.47005352979653,0.67418,130.47005352979653,0.0,0.0
0.5,poisson,0.3,4.0,0.9989000000000001,130.47305798375115,0.9989000000000001,130.47305798375115,0.0,0.0
0.5,poisson,0.3,8.0,1.0,130.47305540504252,1.0,130.47305540504252,0.0,0.0
0.5,poisson,0.3,12.0,1.0,130.47305540504252,1.0,130.47305540504252,0.0,0.0
0.5,poisson,0.6,2.0,0.00066,177.15694564597044,0.00066,177.15694564597044,0.0,0.0
0.5,poisson,0.6,4.0,0.01042,177.68498700565036,0.01042,177.68498700565036,0.0,0.0
0.5,poisson,0.6,8.0,0.67362,229.6995120613241,0.67362,229.6995120613241,0.0,0.0
0.5,poisson,0.6,12.0,1.0,260.8920420083974,1.0,260.8920420083974,0.0,0.0
0.5,poisson,0.8,2.0,0.00041999999999999996,177.15878110251583,0.00041999999999999996,177.15878110251583,0.0,0.0
0.5,poisson,0.8,4.0,0.00268,177.31872291399506,0.00268,177.31872291399506,0.0,0.0
0.5,poisson,0.8,8.0,0.021939999999999998,178.9574615036789,0.021939999999999998,178.9574615036789,0.0,0.0
0.5,poisson,0.8,12.0,0.17648,194.58263245821678,0.17648,194.58263245821678,0.0,0.0
0.5,poisson,0.95,2.0,0.00031999999999999997,177.1583006570713,0.00031999999999999997,177.1583006570713,0.0,0.0
0.5,poisson,0.95,4.0,0.0014,177.24265922041988,0.0014,177.24265922041988,0.0,0.0
0.5,poisson,0.95,8.0,0.0075,177.76848151027136,0.0075,177.76848151027136,0.0,0.0
0.5,poisson,0.95,12.0,0.016220000000000002,178.5852946885896,0.016220000000000002,178.5852946885896,0.0,0.0
0.5,poisson,1.1,2.0,0.00026,177.15600743696817,0.00026,177.15600743696817,0.0,0.0
0.5,poisson,1.1,4.0,0.00134,177.24726951696323,0.00134,177.24726951696323,0.0,0.0
0.5,poisson,1.1,8.0,0.00526,177.60329123599325,0.00526,177.60329123599325,0.0,0.0
0.5,poisson,1.1,12.0,0.00964,178.00252041803688,0.00964,178.00252041803688,0.0,0.0
1.0,onoff,0.3,2.0,0.19812,129.8661486834241,0.19812,129.8661486834241,0.0,0.0
1.0,onoff,0.3,4.0,0.81386,129.95666044410322,0.81386,129.95666044410322,0.0,0.0
1.0,onoff,0.3,8.0,1.0,129.97226463620032,1.0,129.97226463620032,0.0,0.0
1.0,onoff,0.3,12.0,1.0,129.97223649353396,1.0,129.97223649353396,0.0,0.0
1.0,onoff,0.6,2.0,0.00116,176.99364666091245,0.00116,176.99364666091245,0.0,0.0
1.0,onoff,0.6,4.0,0.00412,177.09653021157186,0.00412,177.09653021157186,0.0,0.0
1.0,onoff,0.6,8.0,0.017099999999999997,177.8493671312389,0.017099999999999997,177.8493671312389,0.0,0.0
1.0,onoff,0.6,12.0,0.04136,179.43976815957708,0.04148,179.45445349707114,0.012000000000000205,0.008183992681609631
1.0,onoff,0.8,2.0,0.0016800000000000003,176.78369005750568,0.0016800000000000003,176.78369005750568,0.0,0.0
1.0,onoff,0.8,4.0,0.00392,176.83576670125942,0.00392,176.83576670125942,0.0,0.0
1.0,onoff,0.8,8.0,0.01014,177.15833528899984,0.01018,177.16243551964016,0.0040000000000000105,0.002314444100881552
1.0,onoff,0.8,12.0,0.015280000000000002,177.49100687568585,0.01532,177.49223544097055,0.003999999999999837,0.0006921845260299264
1.0,onoff,0.95,2.0,0.0009000000000000001,177.03026909553563,0.0009000000000000001,177.03026909553563,0.0,0.0
1.0,onoff,0.95,4.0,0.0018199999999999998,177.09492425932214,0.0018199999999999998,177.09492425932214,0.0,0.0
1.0,onoff,0.95,8.0,0.00394,177.28928968314872,0.00394,177.28928968314872,0.0,0.0
1.0,onoff,0.95,12.0,0.0074399999999999996,177.5950886697338,0.00746,177.60045450243766,0.0020000000000000052,0.0030213857511673936
1.0,onoff,1.1,2.0,0.00132,176.97319232363566,0.00132,176.97319232363566,0.0,0.0
1.0,onoff,1.1,4.0,0.00232,177.02540165643356,0.00232,177.02540165643356,0.0,0.0
1.0,onoff,1.1,8.0,0.0058,177.24504776191466,0.0058,177.24504776191466,0.0,0.0
1.0,onoff,1.1,12.0,0.01182,177.65029729718847,0.01206,177.66577784357574,0.02399999999999989,0.008714055998093606
1.0,poisson,0.3,2.0,0.67418,130.47005352979653,0.67418,130.47005352979653,0.0,0.0
1.0,poisson,0.3,4.0,0.9989000000000001,130.47305798375115,0.9989000000000001,130.47305798375115,0.0,0.0
1.0,poisson,0.3,8.0,1.0,130.47305540504252,1.0,130.47305540504252,0.0,0.0
1.0,poisson,0.3,12.0,1.0,130.47305540504252,1.0,130.47305540504252,0.0,0.0
1.0,poisson,0.6,2.0,0.00066,177.15694564597044,0.00066,177.15694564597044,0.0,0.0
1.0,poisson,0.6,4.0,0.01042,177.68498700565036,0.01042,177.68498700565036,0.0,0.0
1.0,poisson,0.6,8.0,0.68194,230.65099927225756,0.6822,230.68161674141584,0.026000000000003798,0.013274370913141098
1.0,poisson,0.6,12.0,1.0,260.8920698283187,1.0,260.8920698283187,0.0,0.0
1.0,poisson,0.8,2.0,0.00041999999999999996,177.15878110251583,0.00041999999999999996,177.15878110251583,0.0,0.0
1.0,poisson,0.8,4.0,0.00268,177.31872291399506,0.00268,177.31872291399506,0.0,0.0
1.0,poisson,0.8,8.0,0.03548,180.14013134778537,0.03332,179.93710326667332,-0.21599999999999953,-0.11270563621388341
1.0,poisson,0.8,12.0,0.20006,197.19982193069387,0.2116,198.61577482463576,1.1540000000000021,0.7180294992555902
1.0,poisson,0.95,2.0,0.00031999999999999997,177.1583006570713,0.00031999999999999997,177.1583006570713,0.0,0.0
1.0,poisson,0.95,4.0,0.0014,177.24265922041988,0.0014,177.24265922041988,0.0,0.0
1.0,poisson,0.95,8.0,0.0077,177.79165753131844,0.00786,177.80537822717702,0.016000000000000042,0.007717288903830166
1.0,poisson,0.95,12.0,0.01762,178.74680278523357,0.01774,178.7566737733973,0.011999999999999858,0.005522329915796931
1.0,poisson,1.1,2.0,0.00026,177.15600743696817,0.00026,177.15600743696817,0.0,0.0
1.0,poisson,1.1,4.0,0.00134,177.24726951696323,0.00134,177.24726951696323,0.0,0.0
1.0,poisson,1.1,8.0,0.0055,177.62461540650793,0.0055,177.62461540650793,0.0,0.0
1.0,poisson,1.1,12.0,0.01046,178.10258442210807,0.01048,178.10639189136617,0.0019999999999999185,0.0021377956251678043
2.0,onoff,0.3,2.0,0.19812,129.8661486834241,0.19812,129.8661486834241,0.0,0.0
2.0,onoff,0.3,4.0,0.8431200000000001,129.9568273605431,0.8467399999999999,129.95701050608403,0.36199999999998456,0.00014092798712450616
2.0,onoff,0.3,8.0,1.0,129.97286916573378,1.0,129.97286916573378,0.0,0.0
2.0,onoff,0.3,12.0,1.0,129.97286916573378,1.0,129.97286916573378,0.0,0.0
2.0,onoff,0.6,2.0,0.00116,176.99364666091245,0.00116,176.99364666091245,0.0,0.0
2.0,onoff,0.6,4.0,0.0042,177.09956858829702,0.00426,177.10564673241296,0.006000000000000016,0.0034320490808648074
2.0,onoff,0.6,8.0,0.03498,179.03743524178574,0.040139999999999995,179.49894955033153,0.5159999999999998,0.257775312700681
2.0,onoff,0.6,12.0,0.22136,189.3161562220067,0.22401999999999997,189.56537623060353,0.2659999999999968,0.13164222936397074
2.0,onoff,0.8,2.0,0.0016800000000000003,176.78369005750568,0.0016800000000000003,176.78369005750568,0.0,0.0
2.0,onoff,0.8,4.0,0.00404,176.8377118312224,0.004059999999999999,176.83769909629868,0.0019999999999999185,-7.201475071827446e-06
2.0,onoff,0.8,8.0,0.012480000000000002,177.31733339767794,0.01356,177.41574643122044,0.10799999999999976,0.05550107914253921
2.0,onoff,0.8,12.0,0.03762,179.2371984628207,0.04578,179.57922206268253,0.8160000000000001,0.19082177293281433
2.0,onoff,0.95,2.0,0.0009000000000000001,177.03026909553563,0.0009000000000000001,177.03026909553563,0.0,0.0
2.0,onoff,0.95,4.0,0.00184,177.0976480083457,0.00184,177.0976480083457,0.0,0.0
2.0,onoff,0.95,8.0,0.00472,177.39113380898237,0.00494,177.4171707231757,0.02199999999999997,0.01467768632752442
2.0,onoff,0.95,12.0,0.009819999999999999,177.91493523156674,0.01038,177.98270877515188,0.05600000000000015,0.038093228933777645
2.0,onoff,1.1,2.0,0.00132,176.97319232363566,0.00132,176.97319232363566,0.0,0.0
2.0,onoff,1.1,4.0,0.00236,177.030065575079,0.00236,177.030065575079,0.0,0.0
2.0,onoff,1.1,8.0,0.00852,177.48188033592663,0.00876,177.51744294695126,0.024000000000000063,0.02003731927864294
2.0,onoff,1.1,12.0,0.01446,177.89785418013906,0.01476,177.9467516834191,0.029999999999999992,0.027486280543054242
2.0,poisson,0.3,2.0,0.67418,130.47005352979653,0.67418,130.47005352979653,0.0,0.0
2.0,poisson,0.3,4.0,0.99914,130.47303742205943,0.9993000000000001,130.47309140860486,0.0160000000000049,4.1377549342414e-05
2.0,poisson,0.3,8.0,1.0,130.47306021732098,1.0,130.47306021732098,0.0,0.0
2.0,poisson,0.3,12.0,1.0,130.47306021732098,1.0,130.47306021732098,0.0,0.0
2.0,poisson,0.6,2.0,0.00066,177.15694564597044,0.00066,177.15694564597044,0.0,0.0
2.0,poisson,0.6,4.0,0.01064,177.69330898057382,0.01074,177.7005973263693,0.00999999999999994,0.004101643352405482
2.0,poisson,0.6,8.0,1.0,260.8970716361988,1.0,260.8970716361988,0.0,0.0
2.0,poisson,0.6,12.0,1.0,260.8970716361988,1.0,260.8970716361988,0.0,0.0
2.0,poisson,0.8,2.0,0.00041999999999999996,177.15878110251583,0.00041999999999999996,177.15878110251583,0.0,0.0
2.0,poisson,0.8,4.0,0.00294,177.3466884428364,0.00294,177.3466884428364,0.0,0.0
2.0,poisson,0.8,8.0,0.19994,196.4521227265387,0.35908,216.97521784379347,15.914,10.446868596998016
2.0,poisson,0.8,12.0,1.0,347.75918902317574,1.0,347.7604376407945,0.0,0.000359046621389858
2.0,poisson,0.95,2.0,0.00031999999999999997,177.1583006570713,0.00031999999999999997,177.1583006570713,0.0,0.0
2.0,poisson,0.95,4.0,0.00146,177.24955429996575,0.00146,177.24955429996575,0.0,0.0
2.0,poisson,0.95,8.0,0.02384,179.48900530848348,0.06388,183.75751202431098,4.0040000000000004,2.3781438358808193
2.0,poisson,0.95,12.0,0.31429999999999997,225.3092476660786,0.5519000000000001,276.7911886693371,23.76000000000001,22.849457595081812
2.0,poisson,1.1,2.0,0.00026,177.15600743696817,0.00026,177.15600743696817,0.0,0.0
2.0,poisson,1.1,4.0,0.00138,177.25030442537323,0.00138,177.25196639943005,0.0,0.0009376424273010997
2.0,poisson,1.1,8.0,0.00896,177.99961644255092,0.0102,178.14435023034895,0.12400000000000015,0.08131129195143583
2.0,poisson,1.1,12.0,0.04204,181.70294783350784,0.07561999999999999,186.08170442338664,3.357999999999999,2.4098434516819145
