model,batch_size,r,sequence_tokens,content_tokens,latency_mean_ms,latency_median_ms,latency_p90_ms,latency_p95_ms,latency_p99_ms,latency_std_ms,throughput_median_qps,throughput_p95_qps
deit_small_patch16_224,24,0,197,196,16.519337577819826,16.513983726501465,16.534882926940917,16.5424765586853,16.638535976409912,0.02445204287502404,1453.3137731924162,1450.8105793506036
deit_small_patch16_224,24,16,181,180,18.40174566904704,18.390880584716797,18.446800422668456,18.460416889190675,18.584891815185546,0.04512315857188737,1304.99460803114,1300.0789821844694
deit_small_patch16_224,24,32,165,164,17.585299593607584,17.568991661071777,17.676643753051756,17.719180583953857,17.777549629211425,0.05808809750849513,1366.0431095301633,1354.4644396103695
deit_small_patch16_224,24,48,149,148,17.062228253682456,17.057567596435547,17.087398529052734,17.115306186676026,17.228580284118653,0.03240606204438028,1407.0001402201792,1402.253616630218
deit_small_patch16_224,24,64,133,132,15.660574321746827,15.643552303314209,15.73961935043335,15.807884693145752,15.84725959777832,0.057902031516064094,1534.1783972503108,1518.229697766351
deit_small_patch16_224,24,80,117,116,14.343967151641845,14.340879917144775,14.359458827972412,14.36914849281311,14.406516046524048,0.020084448884789573,1673.5374773836281,1670.2451096530783
deit_small_patch16_224,24,96,101,100,13.512117131551106,13.50278377532959,13.532844638824463,13.624721336364747,13.678597164154052,0.041639250497286576,1777.4112656568984,1761.503916850274
deit_small_patch16_224,24,112,85,84,12.464376951853435,12.462512016296387,12.47965726852417,12.487099027633667,12.549275617599486,0.021992710588863703,1925.7754751704006,1921.9836366227692
deit_small_patch16_224,24,128,69,68,11.69696361541748,11.682255744934082,11.729244899749755,11.847814464569092,11.91742919921875,0.060067277292298465,2054.397757077644,2025.6900605400294
deit_small_patch16_224,24,144,53,52,11.680229536692302,11.67683219909668,11.714256095886231,11.728873491287231,11.82685917854309,0.034547562885841245,2055.3519645385195,2046.2323187157187
deit_small_patch16_224,32,0,197,196,20.385705184936523,20.37480068206787,20.44502372741699,20.459808540344238,20.502266731262207,0.031773326673116935,1570.5675112769873,1564.042006400007
deit_small_patch16_224,32,16,181,180,23.862660853068032,23.874272346496582,23.91582374572754,23.9243763923645,24.052557907104493,0.06206585202688087,1340.3549869739097,1337.547924978009
deit_small_patch16_224,32,32,165,164,22.416226348876954,22.423888206481934,22.463017845153807,22.50265254974365,22.620295772552492,0.061037586824501874,1427.0495689837571,1422.0545746445587
deit_small_patch16_224,32,48,149,148,21.42496737162272,21.39572811126709,21.489023399353027,21.546649837493895,21.59854124069214,0.0573401114483565,1495.6256610471999,1485.1496748378931
deit_small_patch16_224,32,64,133,132,19.902871017456054,19.909391403198242,19.947535133361818,20.02386608123779,20.109538192749024,0.062189455298773254,1607.2816768703199,1598.0929891447763
deit_small_patch16_224,32,80,117,116,17.87918534596761,17.880096435546875,17.92203845977783,18.042269229888916,18.122185955047605,0.07331823335946144,1789.6995195384839,1773.6128195553492
deit_small_patch16_224,32,96,101,100,16.447012646993002,16.439184188842773,16.466086196899415,16.58737802505493,16.632339401245115,0.048107511129487204,1946.5686151091552,1929.1777128166118
deit_small_patch16_224,32,112,85,84,15.649049364725748,15.64844799041748,15.672243309020995,15.711876630783081,15.832397813796996,0.04773000440371892,2044.9312302150088,2036.6758695969418
deit_small_patch16_224,32,128,69,68,14.097240931193033,14.094031810760498,14.118573188781738,14.13104305267334,14.282985324859618,0.03713474058034711,2270.4645788842813,2264.5179043556996
deit_small_patch16_224,32,144,53,52,13.221935348510742,13.221487998962402,13.240400123596192,13.243107223510743,13.310680780410765,0.024387581290472526,2420.3024653890166,2416.351348661573
deit_small_patch16_224,48,0,197,196,29.976702969868978,29.977999687194824,29.995421600341796,30.03218355178833,30.134323234558106,0.04191460603051219,1601.1742111166716,1598.28538331978
deit_small_patch16_224,48,16,181,180,33.91611938476562,33.902320861816406,33.9758113861084,34.034135246276854,34.087455101013184,0.04682480531795492,1415.8322728300752,1410.3487470054329
deit_small_patch16_224,48,32,165,164,31.694804293314615,31.68616008758545,31.728089904785158,31.777365112304686,31.854633502960205,0.037274226591331755,1514.8569554442877,1510.509125925411
deit_small_patch16_224,48,48,149,148,30.427983945210773,30.409391403198242,30.493536376953124,30.5790545463562,30.62750507354736,0.054669813966066926,1578.4597384264555,1569.7018992930139
deit_small_patch16_224,48,64,133,132,28.417002207438152,28.41164779663086,28.431590843200684,28.445530700683594,28.525692691802977,0.03104134165263548,1689.447945560271,1687.4355590365722
deit_small_patch16_224,48,80,117,116,24.925368576049806,24.920063972473145,24.94090156555176,24.957468700408935,25.092830848693847,0.03256422815823861,1926.1587792479625,1923.2719702544796
deit_small_patch16_224,48,96,101,100,23.783950258890787,23.780272483825684,23.799480819702147,23.80831022262573,23.917017555236818,0.031061991554328025,2018.4798148401171,2016.1027620676834
deit_small_patch16_224,48,112,85,84,21.948034400939942,21.944640159606934,21.972892189025877,21.98321294784546,22.086141872406007,0.031280214965161764,2187.322264155994,2183.484284753035
deit_small_patch16_224,48,128,69,68,19.913615811665853,19.903583526611328,19.92442169189453,19.960795211791993,20.09714021682739,0.04508211066435243,2411.6260238174414,2404.7138147904866
deit_small_patch16_224,48,144,53,52,18.19376766204834,18.178847312927246,18.21433925628662,18.34886703491211,18.405352420806885,0.05492601711861353,2640.4314406594135,2615.965329558012
deit_small_patch16_224,64,0,197,196,38.48523951212565,38.46195030212402,38.600080490112305,38.629458808898924,38.75662261962891,0.07166725216167227,1663.9821823196953,1656.7666742785575
deit_small_patch16_224,64,16,181,180,44.1869007619222,44.171504974365234,44.24689712524414,44.32157402038574,44.361783485412595,0.05551586446530816,1448.897881952226,1443.9920380662284
deit_small_patch16_224,64,32,165,164,41.47901463826497,41.463600158691406,41.50956001281738,41.62799892425537,41.67654586791992,0.053478695410572395,1543.5225054036853,1537.4267717372584
deit_small_patch16_224,64,48,149,148,39.138542607625325,39.12558555603027,39.18112030029297,39.27067394256592,39.30668704986572,0.04804836352191625,1635.7582663740077,1629.7148374280812
deit_small_patch16_224,64,64,133,132,36.793450368245445,36.78588676452637,36.81492042541504,36.88094692230224,36.976150856018066,0.04411120698256608,1739.797667776136,1735.3133620682233
deit_small_patch16_224,64,80,117,116,32.061114400227865,32.055471420288086,32.081089401245116,32.13020133972168,32.21230388641357,0.03456963247146874,1996.5390357508218,1991.895392229571
deit_small_patch16_224,64,96,101,100,29.990264282226562,29.98580837249756,30.013139724731445,30.031294536590575,30.07870750427246,0.023744276182435475,2134.3429933574726,2131.110263063134
deit_small_patch16_224,64,112,85,84,27.858809127807618,27.856736183166504,27.87869510650635,27.892839336395262,28.00479824066162,0.03288866036754656,2297.4694371652354,2294.4957029344528
deit_small_patch16_224,64,128,69,68,25.445415267944338,25.43889617919922,25.485839462280275,25.495069694519042,25.63582088470459,0.052221648275617774,2515.832430352512,2510.2892742340214
deit_small_patch16_224,64,144,53,52,22.634497299194337,22.627967834472656,22.652504920959473,22.667475414276122,22.795953540802003,0.030382274360425177,2828.3582718594366,2823.4286717122627
